{"cameraMode":{"drawMode":0,"name":"Shaded","section":"Shading Mode"},"sceneLighting":true,"audioPlay":false,"sceneViewState":{"m_AlwaysRefresh":false,"showFog":true,"showSkybox":true,"showFlares":true,"showImageEffects":true,"showParticleSystems":true,"showVisualEffectGraphs":true,"m_FxEnabled":true},"in2DMode":false,"pivot":{"x":21.479999542236329,"y":-0.5244999527931213,"z":11.402278900146485},"rotation":{"x":0.49648383259773257,"y":-0.2795913815498352,"z":0.17235669493675233,"w":0.8036158680915833},"size":9.891214370727539,"orthographic":false}